date,symbol,open,high,low,close,volume,amount,turnover_rate,pe_ttm,pb,ma5,ma10,ma20,ma30,ma60,ema12,ema26,dif,dea,macd,k,d,j
2024-01-01,SH000001,100.0,100.51,98.57,99.13,3332650,33181028062.12,3.33,23.89,1.66,,,,,,99.13,99.13,0.0,0.0,0.0,50.0,50.0,50.0
2024-01-02,SH000001,99.12,102.54,97.99,101.02,7872545,78780390554.01,7.87,23.37,2.9,,,,,,99.42076923076922,99.27,0.1507692307692281,0.030153846153845622,0.24123076923076497,50.0,50.0,50.0
2024-01-03,SH000001,100.4,102.99,99.83,101.96,9880924,99975263560.5,9.88,21.62,2.07,,,,,,99.8114201183432,99.46925925925926,0.3421608590839327,0.09255524873986304,0.4992112206881393,50.0,50.0,50.0
2024-01-04,SH000001,101.76,103.75,101.42,103.15,6456120,66146255536.1,6.46,18.68,1.77,,,,,,100.32504779244424,99.74190672153635,0.5831410709078853,0.19067241317346748,0.7849373154688355,50.0,50.0,50.0
2024-01-05,SH000001,102.55,105.11,102.06,104.27,5262362,54417538251.74,5.26,16.44,1.77,101.91,,,,,100.93196351668358,100.07732103845959,0.8546424782239939,0.3234664261835728,1.0623521040808421,50.0,50.0,50.0
2024-01-08,SH000001,104.0,104.55,101.86,102.62,5278531,54531906984.17,5.28,18.42,2.4,102.6,,,,,101.1916614371938,100.26566762820332,0.9259938089904836,0.44397190274495496,0.9640438124910572,50.0,50.0,50.0
2024-01-09,SH000001,102.69,106.19,101.92,104.62,6078406,63006281050.19,6.08,20.08,2.21,103.32,,,,,101.71909813916399,100.58821076685493,1.1308873723090613,0.5813549966577762,1.0990647513025702,50.0,50.0,50.0
2024-01-10,SH000001,104.32,105.71,101.56,102.0,6346274,65468865531.18,6.35,19.75,1.65,103.33,,,,,101.76231381006184,100.69278774708789,1.0695260629739494,0.6789892099210109,0.781073706105877,50.0,50.0,50.0
2024-01-11,SH000001,101.73,102.77,101.34,102.65,5863797,59921215857.83,5.86,20.74,2.25,103.23,,,,,101.89888091620618,100.83776643248879,1.0611144837173896,0.7554142646802866,0.611400438074206,50.0,50.0,50.0
2024-01-12,SH000001,103.04,103.12,102.84,102.9,7218960,74335143090.01,7.22,20.69,1.73,102.96,102.43,,,,102.05289923678984,100.99052447452667,1.0623747622631754,0.8168063641968644,0.49113679613262207,53.2926829268293,51.09756097560976,57.682926829268396
2024-01-15,SH000001,103.52,103.82,102.89,103.06,5443742,56229416991.3,5.44,19.82,1.99,103.05,102.82,,,,102.20783781574525,101.14381895789506,1.0640188578501864,0.8662488629275288,0.39553998984531513,52.45717645855708,51.550766136592195,54.26999710248684
2024-01-16,SH000001,103.56,103.81,101.94,102.28,5494881,56553876639.14,5.49,22.45,1.62,102.58,102.95,,,,102.21893969024597,101.2279805165695,0.9909591736764725,0.8911909250773176,0.1995364971983098,41.431932072027735,48.17782144840404,27.940153319275126
2024-01-17,SH000001,102.22,104.33,101.66,103.63,5686150,58526126680.64,5.69,20.27,1.9,102.9,103.12,,,,102.4360258917466,101.40590788571251,1.0301180060340869,0.9189763412686714,0.22228332953083085,43.36011966313873,46.571920853315596,36.936517282785005
2024-01-18,SH000001,103.68,106.26,102.5,105.37,9554116,99863465749.09,9.55,21.48,2.08,103.45,103.34,,,,102.88740652378559,101.69954433862269,1.1878621851628992,0.9727535100475171,0.43021735023076424,56.21026947732284,49.78470372798468,69.06140097599916
2024-01-19,SH000001,106.53,110.57,105.28,109.89,4148254,44886945455.19,4.15,19.21,1.56,104.85,103.9,,,,103.96472859704934,102.30624475798396,1.6584838390653829,1.1098995758510903,1.097168526428585,68.35108611597617,55.97349785731517,93.1062626332982
2024-01-22,SH000001,109.89,110.21,108.87,109.03,9418326,103096558355.46,9.42,20.1,1.61,106.04,104.54,,,,104.74400112058021,102.80430070183701,1.9397004187432003,1.2758597444295123,1.327681348627376,73.33914950165838,61.76204840542957,96.49335169411603
2024-01-23,SH000001,108.53,108.88,108.5,108.8,3668744,39866499215.96,3.67,20.26,1.67,107.34,104.96,,,,105.36800094818325,103.24842657577501,2.1195743724082377,1.4446026700252574,1.3499434047659604,75.83390031782642,66.45266570956184,94.59636953435557
2024-01-24,SH000001,108.11,109.53,107.79,109.06,3396152,36877128960.64,3.4,21.25,2.99,108.43,105.67,,,,105.93600080230891,103.67891349608797,2.2570873062209387,1.6070995972643938,1.2999754179130898,78.24018345168977,70.38183829027115,93.95687377452703
2024-01-25,SH000001,109.13,110.15,108.85,109.98,9004617,98651959252.66,9.0,16.0,1.6,109.35,106.4,,,,106.55815452503062,104.1456606445259,2.4124938805047123,1.7681784539124576,1.2886308531845092,83.28619787164656,74.68329148406295,100.49201064681381
2024-01-26,SH000001,109.24,109.6,108.24,108.58,6506664,70863691264.05,6.51,15.21,2.58,109.09,106.97,104.7,,,106.8692076750259,104.47413022641287,2.395077448613037,1.8935582528525736,1.0030383915209269,81.41264669183471,76.92640988665353,90.38512030219707
2024-01-29,SH000001,108.08,109.54,107.77,109.08,7078452,76857379112.72,7.08,15.88,2.22,109.1,107.57,105.2,,,107.20932957117577,104.8153057651971,2.3940238059786765,1.9936513634777944,0.8007448850017642,82.03416999807314,78.62899659046006,88.8445168132993
2024-01-30,SH000001,108.28,108.48,107.11,107.39,9476140,102183977809.3,9.48,20.33,1.74,108.82,108.08,105.52,,,107.23712502176411,105.00602385666397,2.2311011651001422,2.041141323802264,0.37991968259575604,74.88771184505993,77.38190167532667,69.89933218452643
2024-01-31,SH000001,108.26,109.86,107.78,109.57,3901419,42490732614.39,3.9,22.05,1.57,108.92,108.68,105.9,,,107.59602886456963,105.34409616357775,2.251932700991887,2.083299599240189,0.337266203503396,76.95727733590005,77.24036022885113,76.39111154999787
2024-02-01,SH000001,110.1,114.7,109.25,112.8,7402449,82503424096.66,7.4,18.43,1.53,109.48,109.42,106.38,,,108.39663980848199,105.89638533664606,2.5002544718359303,2.1666905737593374,0.6671277961531858,76.29387219846123,76.92486421872115,75.03188815794138
2024-02-02,SH000001,113.18,113.73,108.91,110.21,7673367,85707786041.09,7.67,16.48,2.55,109.81,109.45,106.68,,,108.67561829948477,106.21591234874636,2.4597059507384103,2.225293649155152,0.4688246031665164,64.47698638439353,72.77557160727861,47.87981593862338
2024-02-05,SH000001,111.46,113.39,110.9,112.83,7878519,88352425275.69,7.88,15.53,2.39,110.56,109.83,107.19,,,109.31475394571788,106.70584476735773,2.6089091783601503,2.302016754996152,0.6137848467279969,68.10543053645557,71.21885791700426,61.8785757753582
2024-02-06,SH000001,112.85,113.6,110.36,110.73,6795107,75965206316.16,6.8,20.94,2.08,111.23,110.02,107.49,,,109.53248410791514,107.00393034014604,2.528553767769097,2.347324157550741,0.36245922043671186,61.301731907922516,67.91314924731034,48.07889722914686
2024-02-07,SH000001,110.94,112.4,110.22,111.9,4059170,45227168799.68,4.06,21.2,2.73,111.69,110.31,107.99,,,109.89671732208204,107.3666021668019,2.530115155280143,2.3838823570966214,0.29246559636704283,61.90427274318244,65.91019041260104,53.89243740434523
2024-02-08,SH000001,111.83,112.1,110.5,110.96,5427503,60460046627.67,5.43,21.31,1.74,111.33,110.4,108.4,,,110.06029927253095,107.63277978407584,2.4275194884551183,2.392609783368321,0.0698194101735945,58.17772772250806,63.33270284923671,47.867777469050765
2024-02-09,SH000001,111.59,114.74,111.27,114.01,5754800,64913796646.67,5.75,19.93,2.79,112.09,110.95,108.96,106.78,,110.66794553829543,108.10516646673689,2.5627790715585377,2.4266436410063648,0.27227086110434584,68.92931957385207,65.19824175744182,76.39147520667257
2024-02-12,SH000001,113.8,116.69,113.19,116.34,3031860,34887066844.49,3.03,22.83,1.92,112.79,111.67,109.62,107.36,,111.54056930163459,108.7151541358675,2.8254151657670974,2.5063979459585113,0.6380344396171722,77.97682285095564,69.4577687886131,95.01493097564074
2024-02-13,SH000001,116.52,116.61,115.83,116.13,4313957,50183116444.03,4.31,24.47,2.37,113.87,112.55,110.31,107.86,,112.24663556292158,109.26440197765508,2.982233585266499,2.601565073820109,0.7613370228927803,82.9185674190604,73.94470166542885,100.86629892632348
2024-02-14,SH000001,116.35,116.89,113.57,114.56,8193287,94595226978.37,8.19,20.04,1.68,114.4,113.05,110.86,108.28,,112.60253778401056,109.65666849782878,2.9458692861817894,2.6704259162924453,0.5508867397786883,78.87971328355071,75.58970553813614,85.45972877437987
2024-02-15,SH000001,114.91,116.31,114.72,115.95,6470674,74689046723.2,6.47,21.77,1.51,115.4,113.36,111.39,108.71,,113.11753197108587,110.1228412016933,2.9946907693925624,2.735278886912469,0.518823764960187,81.22215768128768,77.46718958585332,88.73209387215641
2024-02-16,SH000001,116.63,116.7,116.33,116.38,6762063,78781596784.56,6.76,17.81,1.71,115.87,113.98,111.71,109.11,,113.61945012938035,110.58633444601232,3.033115683368038,2.794846246203583,0.4765388743289103,84.93271281701035,79.95569732957233,94.8867437918864
2024-02-19,SH000001,116.48,117.73,110.53,112.76,5772786,66166567464.73,5.77,20.04,2.6,115.16,113.97,111.9,109.45,,113.48722703255261,110.74734670927066,2.7398803232819517,2.783853061619257,-0.08794547667461039,67.89566562412321,75.93568676108929,51.81562335019106
2024-02-20,SH000001,112.03,113.85,111.81,113.06,5657923,63676889271.21,5.66,21.51,2.04,114.54,114.21,112.11,109.73,,113.42149979677528,110.9186543604358,2.5028454363394843,2.7276515365633025,-0.4496122004476364,57.06645112608675,69.64594154942176,31.907470279416714
2024-02-21,SH000001,113.01,113.26,112.27,112.41,4931800,55584885218.04,4.93,15.3,1.57,114.11,114.26,112.28,110.08,,113.26588444342524,111.02912440781093,2.23676003561431,2.6294732363735043,-0.7854264015183885,46.74800445442817,62.01329585109056,16.2174216611034
2024-02-22,SH000001,111.28,111.4,110.82,111.03,8849010,98357286662.6,8.85,16.72,1.55,113.13,114.26,112.33,110.36,,112.92190222135982,111.0291892664916,1.892712954868216,2.482121180072447,-1.178816450408462,33.48015111776693,52.50224760664935,-4.5640418599979
2024-02-23,SH000001,111.45,111.63,110.41,110.54,5384307,59763286671.91,5.38,17.87,2.98,111.96,113.92,112.43,110.61,,112.555455725766,110.99295302452926,1.5625027012367383,2.2981974843053052,-1.471389566137134,22.912086173229,42.63886046217589,-16.541462404664784
2024-02-26,SH000001,110.27,110.97,110.05,110.74,6282979,69430367965.43,6.28,24.66,2.69,111.56,113.36,112.52,110.87,,112.27615484487892,110.97421576345302,1.3019390814258998,2.0989458037294244,-1.5940134446070493,18.269515782152652,34.51574556883481,-14.222943791211662
2024-02-27,SH000001,110.7,111.03,107.23,108.66,6150034,67451124053.19,6.15,21.4,2.21,110.68,112.61,112.58,111.08,,111.71982333028215,110.80279237356761,0.9170309567145409,1.8625628343264478,-1.8910637552238136,16.719359727784283,28.5836169551513,-7.009154726949745
2024-02-28,SH000001,108.93,109.93,108.57,109.51,8271818,90344577638.53,8.27,21.6,2.66,110.1,112.1,112.58,111.28,,111.37985051023874,110.70702997552557,0.6728205347131677,1.6246143744037918,-1.903587679381248,18.384335056618095,25.183856322306895,4.785292525240493
2024-02-29,SH000001,109.43,109.6,108.65,108.85,3625553,39569174674.15,3.63,18.28,1.96,109.66,111.39,112.38,111.39,,110.99064273943277,110.5694721995607,0.4211705398720653,1.3839256074974466,-1.9255101352507626,17.399080513935843,22.588931052849876,7.019379436107776
2024-03-01,SH000001,109.36,110.31,103.31,106.11,3257509,35094126910.31,3.26,23.32,1.79,108.77,110.37,112.17,111.27,,110.23977462567389,110.23914092551917,0.0006337001547223053,1.1072672260289018,-2.213267051748359,20.454541974502447,21.877468026734064,17.608689870039214
2024-03-04,SH000001,105.83,106.48,100.51,102.07,3165011,32900667746.76,3.17,15.29,2.03,107.04,109.3,111.64,111.03,,108.98288622172406,109.6340193754807,-0.6511331537566463,0.7555871500717922,-2.8134406076568768,17.714792688883954,20.489909580784026,12.164558905083808
2024-03-05,SH000001,101.49,101.57,101.48,101.55,6327511,64238259444.96,6.33,15.78,2.49,105.62,108.15,111.18,110.79,,107.83936526453574,109.0352031254451,-1.19583786090935,0.3653021478755638,-3.1222800175698278,14.927367787793118,18.635728983120387,7.510645397138582
2024-03-06,SH000001,102.24,104.68,101.25,103.83,4801687,49472360676.5,4.8,21.29,2.48,104.48,107.29,110.77,110.62,,107.22253983922255,108.64963252356027,-1.4270926843377225,0.006823181432906528,-2.867831731541258,19.903616894499955,19.058358286913574,21.594134109672716
2024-03-07,SH000001,104.47,105.2,104.25,105.05,4028758,42204153149.08,4.03,15.83,2.51,103.72,106.69,110.48,110.45,,106.88830294088062,108.38299307737063,-1.4946901364900071,-0.29347948215167624,-2.402421308676662,27.654375775040506,21.92369744962255,39.115732425876416
2024-03-08,SH000001,105.8,107.1,105.45,106.66,9138640,97081731408.2,9.14,19.95,2.51,103.83,106.3,110.11,110.39,,106.85317941151438,108.25536396052836,-1.402184549013981,-0.5152204955241373,-1.7739281069796875,37.92294253190278,27.25677914371596,59.25526930827641
2024-03-11,SH000001,106.79,109.59,106.47,109.23,7138524,77106183175.8,7.14,20.04,2.15,105.26,106.15,109.75,110.39,,107.21884411743524,108.32755922271144,-1.1087151052762039,-0.6339194174745506,-0.9495913756033065,54.94182563351342,36.485127973648446,91.85522095324336
2024-03-12,SH000001,109.61,110.81,106.03,107.31,4901737,53163542870.31,4.9,16.83,2.36,106.42,106.02,109.31,110.39,,107.23286809936828,108.25218446547356,-1.0193163661052864,-0.7109988072006979,-0.6166351178091771,58.63435624758499,43.86820406496062,88.16666061283371
2024-03-13,SH000001,107.87,108.23,104.02,105.14,6423859,68417033394.59,6.42,21.07,2.03,106.68,105.58,108.84,110.24,,106.91088839177316,108.02165228284589,-1.110763891072736,-0.7909518239751056,-0.6396241341952609,54.07338960194984,47.26993257729036,67.68030365126882
2024-03-14,SH000001,106.23,108.1,105.47,107.68,5207270,55695863321.61,5.21,24.35,1.88,107.2,105.46,108.43,110.07,,107.02921325457729,107.99634470633879,-0.9671314517615031,-0.8261877495323852,-0.2818874044582358,59.252809896445534,51.26422501700875,75.2299796553191
2024-03-15,SH000001,107.53,108.13,107.35,108.06,4497442,48479291376.53,4.5,16.96,1.97,107.48,105.66,108.01,110.0,,107.18779583079616,108.00105991327665,-0.8132640824804866,-0.8236030161220055,0.020677867283037665,63.246643138774004,55.258364390930495,79.22320063446102
2024-03-18,SH000001,107.58,107.72,107.2,107.24,3730868,40073908200.99,3.73,20.52,2.13,107.09,106.18,107.74,109.82,,107.1958272414429,107.94468510488578,-0.7488578634428791,-0.8086539855861803,0.11959224428660242,63.050063347746104,57.85559737653569,73.43899529016691
2024-03-19,SH000001,108.34,109.24,105.63,106.37,9088707,97570789444.69,9.09,20.91,2.47,106.9,106.66,107.4,109.67,,107.06877689660553,107.82804176378313,-0.7592648671776061,-0.7987761619044655,0.07902258945371887,53.56994895740759,56.42704790349298,47.85575106523682
2024-03-20,SH000001,107.09,107.2,106.85,106.9,9157527,97979578856.89,9.16,15.05,2.68,107.25,106.96,107.13,109.5,,107.04281122020468,107.75929792942883,-0.7164867092241423,-0.7823182713684009,0.13166312428851734,49.851738185645345,54.23527799754377,41.084658561848514
2024-03-21,SH000001,106.63,106.69,106.62,106.67,3418340,36457681733.67,3.42,15.18,2.57,107.05,107.13,106.91,109.36,,106.9854556478655,107.67860919391558,-0.6931535460500697,-0.7644853263047348,0.14266356050933005,46.24381956608071,51.57145852038941,35.58854165746331
2024-03-22,SH000001,105.85,106.83,105.67,106.51,8750309,92910116733.85,8.75,22.74,2.38,106.74,107.11,106.71,109.11,107.95,106.91230862511696,107.59204554992183,-0.679736924804871,-0.7475356460047621,0.1355974423997821,43.05307165966504,48.73199623348128,31.695222512032558
2024-03-25,SH000001,106.34,107.3,104.52,105.12,6963408,73622353511.01,6.96,18.81,1.54,106.31,106.7,106.43,108.74,108.05,106.63656883663744,107.40893106474243,-0.7723622281049956,-0.7525009624248088,-0.039722531360373514,35.72631341806538,44.39676862834264,18.38540299751085
2024-03-26,SH000001,105.4,106.52,105.26,105.99,6728889,71119603446.85,6.73,22.06,1.71,106.24,106.57,106.29,108.4,108.13,106.53709670792398,107.3038250599467,-0.7667283520227244,-0.7553464403443919,-0.022763823356664936,34.19889821091364,40.997478489199636,20.601737654341647
2024-03-27,SH000001,106.39,107.61,106.11,107.03,8502726,90732010591.17,8.5,21.65,2.91,106.26,106.76,106.17,108.15,108.21,106.61292798362798,107.28354172217287,-0.6706137385448869,-0.738399899984491,0.13557232287920806,40.52525417450744,40.84007038430224,39.89562175491784
2024-03-28,SH000001,106.15,106.62,106.02,106.53,5777635,61440544172.84,5.78,20.63,1.95,106.24,106.64,106.05,107.83,108.27,106.60016983230061,107.22772381682674,-0.6275539845261306,-0.7162307168928189,0.17735346473337654,41.21175137057561,40.96396404639336,41.70732601894012
2024-03-29,SH000001,106.8,107.73,106.67,107.59,6039058,64735718282.4,6.04,22.36,1.65,106.45,106.6,106.13,107.54,108.33,106.75245139656205,107.25455908965439,-0.5021076930923414,-0.6734061121327235,0.34259683808076424,49.15529187416911,43.69440665565194,60.07706231120345
2024-04-01,SH000001,106.51,106.9,105.35,105.68,9164699,97233945979.43,9.16,20.68,2.19,106.56,106.44,106.31,107.3,108.38,106.58745887401405,107.13792508301333,-0.550466208999282,-0.6488181315060353,0.19670384501350657,44.815885133142935,44.0682328148156,46.31118976979761
2024-04-02,SH000001,105.73,107.49,104.87,106.98,9894650,105238086881.69,9.89,22.69,2.96,106.76,106.5,106.58,107.1,108.42,106.64784981647342,107.12622692871605,-0.4783771122426259,-0.6147299276533534,0.27270563082145505,55.4224280949925,47.85296457487456,70.56135513522838
2024-04-03,SH000001,106.9,107.56,106.76,107.25,7158929,76654413479.75,7.16,19.81,2.32,106.81,106.54,106.75,106.93,108.5,106.74048830624675,107.13539530436671,-0.3949069981199642,-0.5707653417466756,0.35171668725342276,65.2971950539825,53.66770806791054,88.55616902612644
2024-04-04,SH000001,107.47,108.28,105.2,105.67,9930017,105827795496.91,9.93,20.02,1.94,106.63,106.44,106.78,106.75,108.55,106.5757977975934,107.02684750404325,-0.4510497064498509,-0.5468222146873106,0.1915450164749195,53.72649883031461,53.68730498871189,53.804886513520074
2024-04-05,SH000001,105.71,106.1,104.52,104.94,7049069,74243782491.48,7.05,24.6,2.61,106.1,106.28,106.69,106.56,108.59,106.32413659796364,106.87226620744745,-0.5481296094838086,-0.5470836936466102,-0.002091831674396749,39.541070142195565,48.97189337320644,20.679423680173812
2024-04-08,SH000001,105.43,106.2,105.29,106.02,3336306,35272626164.91,3.34,22.98,1.78,106.17,106.37,106.53,106.41,108.64,106.27734635212309,106.80913537726616,-0.5317890251430697,-0.5440247599459022,0.02447146960566493,39.65858576855589,45.86745750498959,27.24084229568848
2024-04-09,SH000001,106.91,107.03,106.4,106.61,4312978,46044808724.15,4.31,15.84,2.35,106.1,106.43,106.5,106.34,108.71,106.32852383641185,106.79438460857978,-0.46586077216792887,-0.5283919623903075,0.12506238044475726,44.967425973363504,45.56744699444756,43.7673839311954
2024-04-10,SH000001,105.88,108.71,105.17,108.35,8931273,95664047763.47,8.93,24.66,1.89,106.32,106.56,106.66,106.3,108.79,106.63952016927156,106.90961537831461,-0.27009520904304907,-0.47673261172085585,0.41327480535561356,60.44765550173319,50.5275164968761,80.28793351144736
2024-04-11,SH000001,106.65,106.81,105.27,105.75,4624101,49107879437.5,4.62,15.44,2.64,106.33,106.48,106.56,106.2,108.79,106.50267091246056,106.8237179428839,-0.3210470304233439,-0.44559549546135346,0.24909693007601907,50.083639865117306,50.37955761962317,49.491804356105575
2024-04-12,SH000001,106.11,106.47,104.58,105.08,6430878,67906885051.51,6.43,23.7,2.63,106.36,106.23,106.41,106.16,108.71,106.2837984643897,106.69455365081843,-0.4107551864287302,-0.4386274336548288,0.0557444944521972,37.844144953833194,46.20108673102651,21.130261399446567
2024-04-15,SH000001,104.16,108.42,103.18,106.87,7433072,78432435429.3,7.43,17.9,2.21,106.53,106.35,106.4,106.32,108.68,106.37398331602206,106.70754967668374,-0.33356636066167766,-0.4176152190561986,0.16809771678904184,47.471744616600105,46.62463935955104,49.16595513069822
2024-04-16,SH000001,106.62,108.24,106.04,107.47,6290844,67337600968.56,6.29,21.21,2.18,106.7,106.4,106.45,106.52,108.66,106.54260126740328,106.76402747841087,-0.2214262110075822,-0.37837741744647535,0.3139024128777863,57.50678091980696,50.25201987963634,72.0163030001482
2024-04-17,SH000001,106.68,107.25,106.47,107.15,4305308,46029354883.13,4.31,23.77,2.88,106.46,106.39,106.46,106.63,108.62,106.63604722626431,106.79261803556562,-0.15657080930131428,-0.3340160958174432,0.3548905730322578,62.26793230699613,54.257324022089605,78.28914887680918
2024-04-18,SH000001,107.02,110.7,106.24,109.33,6792660,73479558029.31,6.79,21.89,2.7,107.18,106.76,106.6,106.77,108.61,107.05050149914672,106.98057225515336,0.0699292439933572,-0.2532270278552831,0.6463125436972806,68.77259316920306,59.09574707112742,88.12628536535436
2024-04-19,SH000001,108.5,109.66,104.83,106.42,8301076,89204105028.55,8.3,15.58,2.71,107.45,106.9,106.59,106.76,108.58,106.95350126850876,106.93904838440126,0.014452884107498676,-0.19969104546272676,0.42828785914045087,60.210097573794926,59.467197238683255,61.69589824401825
2024-04-22,SH000001,105.99,106.2,105.94,106.17,8492296,90084794037.46,8.49,20.79,1.78,107.31,106.92,106.64,106.66,108.53,106.8329626118151,106.88208183740858,-0.04911922559347204,-0.16957668148887584,0.2409149117908076,53.39361114848738,57.44266854195129,45.29549636155957
2024-04-23,SH000001,107.16,107.4,106.51,106.66,7144643,76385776481.78,7.14,21.63,2.66,107.15,106.92,106.68,106.64,108.52,106.80635297922817,106.86563133093387,-0.05927835170570006,-0.1475170155322407,0.17647732765308127,51.02127268055183,55.30220325481814,42.45941153201923
2024-04-24,SH000001,107.04,107.32,106.24,106.37,6548658,69878744944.22,6.55,18.96,2.66,106.99,106.73,106.64,106.68,108.46,106.7392217516546,106.82891789901284,-0.08969614735823939,-0.13595284189744045,0.09251338907840212,48.15425270902036,52.91955307288554,38.623651981289996
2024-04-25,SH000001,106.0,106.67,101.03,103.1,6757951,70654992900.33,6.76,22.92,2.33,105.74,106.46,106.47,106.53,108.3,106.17934148216928,106.55270175834522,-0.37336027617594425,-0.18343432875314122,-0.37985189484560605,39.23830566675123,48.35913727084077,20.996642458572154
2024-04-26,SH000001,102.51,107.53,100.77,105.22,7167744,74447162519.35,7.17,17.01,2.52,105.5,106.48,106.35,106.43,108.22,106.03175048491246,106.45398310957891,-0.4222326246664494,-0.23119398793580287,-0.38207727346129305,41.09676906820005,45.93834786996052,31.413611464679093
2024-04-29,SH000001,104.37,107.61,103.77,106.81,6199499,65458337548.54,6.2,19.71,2.2,105.63,106.47,106.41,106.42,108.12,106.15148117954132,106.48035473109158,-0.32887355155025944,-0.2507299006586942,-0.15628730178313044,47.673106199880934,46.51660064660066,49.9861173064415
2024-04-30,SH000001,106.46,107.45,103.79,104.67,3313129,34975553132.58,3.31,20.43,1.93,105.23,106.19,106.3,106.36,108.02,105.92356099807343,106.34625438064035,-0.42269338256691924,-0.28512259704033927,-0.27514157105315995,44.873712290353666,45.968971194518325,42.68319448202435
2024-05-01,SH000001,104.54,104.55,104.54,104.54,6187788,64688126025.77,6.19,24.84,1.82,104.87,105.93,106.16,106.29,107.89,105.71070545990828,106.21245775985217,-0.5017522999438881,-0.32844853762104903,-0.34660752464567823,44.051541226939975,45.32982787199221,41.49496793683551
2024-05-02,SH000001,104.25,104.27,104.18,104.2,5453393,56838944500.28,5.45,23.94,2.43,105.09,105.42,106.09,106.2,107.78,105.478289235307,106.06338681467794,-0.5850975793709381,-0.3797783459710269,-0.4106384667998224,46.08309376142979,45.58091650180473,47.08744828067991
2024-05-03,SH000001,103.92,104.98,103.48,104.81,3514027,36675592419.2,3.51,16.53,1.8,105.01,105.26,106.08,106.15,107.63,105.37547550679824,105.97054334692402,-0.595067840125779,-0.42283624480197735,-0.3444631906476032,50.410171669413245,47.1906682243409,56.84917855955794
2024-05-06,SH000001,104.46,104.56,104.13,104.17,7161646,74708222215.33,7.16,24.79,2.0,104.48,105.06,105.99,106.11,107.43,105.19001773652158,105.83716976567038,-0.6471520291487991,-0.4676994016713417,-0.35890525495491477,50.17598189266927,48.18577278045035,54.156400117107125
2024-05-07,SH000001,104.96,105.33,104.01,104.18,6101097,63798047384.22,6.1,15.96,1.85,104.38,104.81,105.87,106.05,107.23,105.03463039244134,105.7144164496948,-0.6797860572534518,-0.5101167327877638,-0.3393386489313759,50.06858831830977,48.81337795973682,52.579009035455684
2024-05-08,SH000001,103.41,103.48,102.82,103.04,5141969,53078087687.43,5.14,23.73,2.01,104.08,104.47,105.6,105.92,107.03,104.7277641782196,105.51631152749518,-0.788547349275575,-0.5658028560853261,-0.44548898638049783,44.44143704651455,47.35606432199606,38.61218249555154
2024-05-09,SH000001,102.16,104.14,101.05,103.66,7449126,76655761750.64,7.45,16.51,2.64,103.97,104.53,105.5,105.83,106.83,104.56349276618582,105.37880696990294,-0.8153142037171222,-0.6157051256116853,-0.39921815621087364,42.889819819627576,45.86731615453989,36.93482714980294
2024-05-10,SH000001,103.31,104.77,103.02,104.5,4679009,48616665192.32,4.68,18.14,2.51,103.91,104.46,105.47,105.72,106.63,104.55372464831107,105.31371015731753,-0.7599855090064551,-0.6445612022906393,-0.23084861343163166,46.56196321308505,46.09886517405494,47.488159291145266
2024-05-13,SH000001,105.0,107.48,104.44,106.65,4760996,50381657868.92,4.76,21.19,2.46,104.41,104.44,105.46,105.75,106.53,104.87622854857091,105.41269459010883,-0.5364660415379205,-0.6229421701400956,0.17295225720435004,60.07189460447247,50.75654165086078,78.70260051169583
2024-05-14,SH000001,107.08,108.28,102.75,104.1,4018727,42432232758.35,4.02,21.97,2.45,104.39,104.39,105.29,105.66,106.38,104.7568087718677,105.31545795380447,-0.5586491819367723,-0.6100835724994309,0.10286878112531728,54.10970935826055,51.87426421999404,58.580599634793586
2024-05-15,SH000001,104.28,104.51,103.48,103.84,6918992,71996349987.52,6.92,24.59,2.66,104.55,104.32,105.12,105.55,106.24,104.61576126850343,105.20616477204118,-0.5904035035377433,-0.6061475587070935,0.03148811033870036,48.93621011159281,50.89491285052696,45.018804633724514
2024-05-16,SH000001,103.5,103.86,102.05,102.46,4922927,50695204515.08,4.92,23.69,1.85,104.31,104.14,104.78,105.44,106.09,104.28410568873367,105.00274515929739,-0.7186394705637156,-0.6286459410784179,-0.17998705897059541,39.124831637327404,46.971552446127106,23.431390019728
2024-05-17,SH000001,102.79,103.59,102.64,103.25,8254869,85043651774.54,8.25,21.41,2.19,104.06,103.98,104.62,105.38,105.97,104.12501250585157,104.87291218453463,-0.747899678683055,-0.6524966885993453,-0.19080598016741934,36.22614409754515,43.38974966326646,21.898932966102535
2024-05-20,SH000001,103.34,103.4,103.32,103.39,3985865,41199536139.74,3.99,24.69,2.9,103.41,103.91,104.48,105.29,105.85,104.01193365879749,104.76306683753207,-0.7511331787345767,-0.6722239866263916,-0.1578183842163703,34.939144474435366,40.57288126698943,23.671670889327245
2024-05-21,SH000001,103.94,105.9,103.3,105.44,5953757,62328614178.36,5.95,18.12,1.55,103.68,104.03,104.42,105.26,105.8,104.23163617282864,104.81321003475192,-0.5815738619232746,-0.6540939616857683,0.14504019952498726,43.5325047994622,41.55942244448035,47.47866950942591
2024-05-22,SH000001,105.79,105.91,104.54,104.9,3807992,40115142412.59,3.81,15.77,1.93,103.89,104.22,104.35,105.14,105.72,104.33446137700885,104.8196389210666,-0.4851775440577484,-0.6203106781601644,0.270266268204832,44.27046601398072,42.4631036343138,47.88519077331456
2024-05-23,SH000001,105.46,105.81,104.13,104.32,8668610,90927090052.37,8.67,15.13,1.93,104.26,104.28,104.41,105.09,105.64,104.33223654977672,104.78262863061722,-0.4503920808405013,-0.5863269586962317,0.2718697557114609,41.65917637957192,42.195127882733175,40.5872733732494
2024-05-24,SH000001,105.26,109.1,104.38,107.35,5590426,59431469603.04,5.59,21.76,1.79,105.08,104.57,104.51,105.17,105.66,104.79650784981108,104.97280428760854,-0.17629643779746118,-0.5043208545164777,0.656048833438033,52.831885907894275,45.74071389112021,67.01422994144241
2024-05-27,SH000001,107.72,107.74,107.61,107.63,6880668,74090104419.61,6.88,16.32,2.67,105.93,104.67,104.56,105.19,105.76,105.23242971907091,105.16963359963754,0.06279611943337216,-0.39089745972650775,0.9073871583197598,61.60423599533377,51.02855459252473,82.75559880095184
2024-05-28,SH000001,107.03,108.03,103.49,105.01,7314184,77545000298.36,7.31,20.94,1.62,105.84,104.76,104.57,105.11,105.82,105.19820976229077,105.15780888855328,0.04040087373749657,-0.3046377930337069,0.690077333542407,55.06476253116817,52.37395723873921,60.44637311602608
2024-05-29,SH000001,105.72,106.01,104.91,105.06,6371823,67153763364.85,6.37,23.0,2.61,105.87,104.88,104.6,105.04,105.84,105.17694672193835,105.15056378569747,0.026382936240878507,-0.23843364717878984,0.5296331668393367,49.196941790644644,51.314952089374344,44.96092119318524
2024-05-30,SH000001,105.2,105.67,104.22,104.43,7371250,77260671594.64,7.37,21.66,1.95,105.9,105.08,104.61,104.88,105.83,105.06203184164015,105.09718869046063,-0.03515684882047765,-0.19777828750712742,0.32524287737329954,39.29221406732637,47.30737274869168,23.261896704595756
2024-05-31,SH000001,103.99,104.95,103.76,104.81,6530523,68176054684.8,6.53,24.15,1.56,105.39,105.23,104.61,104.82,105.79,105.02325771215705,105.07591545413021,-0.05265774197316375,-0.1687541784003347,0.23219287285434187,34.87297029775784,43.16257193171373,18.293767029846066
2024-06-03,SH000001,104.18,109.47,103.43,108.27,6179381,65641704097.54,6.18,17.86,1.72,105.52,105.72,104.81,104.89,105.78,105.52275652567135,105.31251430937982,0.21024221629153317,-0.09295489946196112,0.6063942315069886,49.959463642213805,45.42820250188042,59.02198592288059
2024-06-04,SH000001,108.18,108.33,108.16,108.28,7397483,80062530870.89,7.4,18.79,2.12,106.17,106.01,105.02,104.95,105.79,105.94694782941423,105.53232806424057,0.4146197651736543,0.00856003346516197,0.8121194634169846,60.07231350982025,50.30957283786036,79.59779485374003
2024-06-05,SH000001,109.0,109.69,105.45,106.63,9267082,99915924987.48,9.27,17.83,2.35,106.48,106.18,105.2,104.96,105.82,106.05203277873511,105.61363709651906,0.4383956822160542,0.09452716321534042,0.6877370380014275,57.08761262742006,52.568919434380255,66.12499901349965
2024-06-06,SH000001,107.35,107.44,106.77,106.83,8384586,89788701161.39,8.38,22.66,2.3,106.96,106.43,105.36,105.08,105.81,106.1717200435451,105.70373805233245,0.46798199121263906,0.16921812881480017,0.5975277247956778,56.16277476545787,53.76687121140613,60.95458187356135
2024-06-07,SH000001,108.43,109.01,108.32,108.83,5718011,62116111740.45,5.72,18.65,2.36,107.77,106.58,105.57,105.2,105.82,106.580686190692,105.93531301141894,0.645373179273065,0.26444913890645316,0.7618480807332237,66.19584345386221,57.90986195889148,82.76780644380366
2024-06-10,SH000001,109.49,115.21,108.19,113.99,7194845,80393612410.98,7.19,15.58,1.87,108.91,107.21,105.94,105.44,105.93,107.72058062289324,106.53195649205458,1.1886241308386616,0.44928413729289485,1.4786799870915335,74.0117168017259,63.27714690650295,95.48085659217179
2024-06-11,SH000001,113.46,114.35,110.82,111.75,9479851,106748983138.96,9.48,18.12,2.7,109.61,107.89,106.32,105.68,106.02,108.34049129629427,106.91847823338387,1.422013062910409,0.6438299224163977,1.5563662809880228,72.8838723216939,66.4793887115666,85.6928395419485
2024-06-12,SH000001,111.68,111.69,111.64,111.65,5728579,63967789301.93,5.73,18.4,1.96,110.61,108.55,106.71,105.91,106.1,108.84964648147977,107.26896132720728,1.5806851542724871,0.8312009687876156,1.498968370969743,71.84901052346092,68.2692626488647,79.00850627265336
2024-06-13,SH000001,112.47,115.95,111.95,114.81,8534454,96983972601.66,8.53,22.37,2.26,112.21,109.58,107.33,106.27,106.24,109.7666239458675,107.82755678445119,1.939067161416304,1.0527742073133532,1.7725859082059015,78.19752991233922,71.57868507002287,91.4352195969719
2024-06-14,SH000001,113.88,115.6,113.32,115.08,8176955,93610166088.2,8.18,17.0,1.86,113.46,110.61,107.92,106.61,106.38,110.58406641573403,108.36477480041776,2.2192916153162656,1.2860776889139358,1.8664278528046596,82.7031151796547,75.28682843990015,97.53568865916381
2024-06-17,SH000001,114.91,115.76,114.6,115.63,9904327,114171943946.8,9.9,16.27,2.9,113.78,111.35,108.54,106.99,106.55,111.36036389023648,108.90293963001645,2.457424260220037,1.5203470031751563,1.8741545140897617,87.45287043723009,79.34217577234347,103.67425976700332
2024-06-18,SH000001,114.44,115.41,111.65,112.99,7005713,79665312484.32,7.01,15.45,1.63,114.03,111.82,108.91,107.29,106.67,111.61107713789241,109.20568484260782,2.405392295284585,1.6973560615970422,1.416072467375086,80.88724405328772,79.85719853265822,82.94733509454673
2024-06-19,SH000001,112.84,113.8,112.61,113.54,4004735,45329946039.91,4.0,20.65,1.55,114.41,112.51,109.34,107.64,106.78,111.90783450129358,109.52674522463687,2.3810892766567093,1.8341027046089757,1.0939731440954672,76.90592902521588,78.87344203017744,72.97090301529278
2024-06-20,SH000001,112.66,112.83,112.14,112.25,5562002,62549569801.52,5.56,20.23,2.54,113.9,113.05,109.74,107.92,106.87,111.96047534724842,109.7284678005897,2.2320075466587213,1.9136836730189248,0.6366477472795928,68.71048189309924,75.48578865115138,55.15986837699495
2024-06-21,SH000001,112.3,112.51,111.72,111.84,5929842,66453650458.82,5.93,24.43,2.71,113.25,113.35,109.97,108.17,106.94,111.94194067844097,109.88487759313861,2.05706308530236,1.942359555475612,0.2294070596534965,52.434668240623715,67.80208184764216,21.699841026586824
2024-06-24,SH000001,111.66,112.55,111.5,112.28,8914403,99815094506.32,8.91,20.21,2.13,112.58,113.18,110.2,108.35,107.05,111.99394980483467,110.06229406772094,1.9316557371137293,1.9402187918032354,-0.017126109379012266,40.79914212296263,58.801101939415645,4.795222490056602
2024-06-25,SH000001,112.32,113.47,112.1,113.16,9992773,112662258871.72,9.99,24.91,2.34,112.61,113.32,110.61,108.66,107.16,112.17334214255241,110.29175376640828,1.881588376144137,1.9284927086714159,-0.09380866505455776,39.633885010814,52.41202962988176,14.077595772678478
2024-06-26,SH000001,112.46,112.99,110.19,111.03,4373504,48873345235.0,4.37,16.09,2.47,112.11,113.26,110.9,108.9,107.22,111.9974433513905,110.34643867260026,1.651004678790244,1.8729951026951817,-0.44398084780987546,31.44951998925602,45.424526416339845,3.499507135088379
2024-06-27,SH000001,110.55,111.78,106.05,107.94,5047423,55139888665.57,5.05,23.23,2.96,111.25,112.57,111.08,109.08,107.26,111.37322129733043,110.16818395611135,1.2050373412190822,1.7394035503999619,-1.0687324183617593,27.454503199153855,39.43451867727785,3.4944722429058572
2024-06-28,SH000001,109.06,109.08,108.93,108.97,8084047,88129497240.95,8.08,17.69,2.03,110.68,111.96,111.29,109.27,107.33,111.00349494389498,110.07942958899199,0.9240653549029929,1.5763359113005682,-1.3045411127951505,28.701862531629644,35.85696662872844,14.391654337432044
2024-07-01,SH000001,108.55,108.93,106.59,106.96,7207390,77663841647.48,7.21,21.31,1.51,109.61,111.1,111.22,109.39,107.34,110.38141879868037,109.84836073054814,0.5330580681322346,1.3676803426669015,-1.669244549069334,23.04855351571007,31.58749559105565,5.970669365018907
2024-07-02,SH000001,107.19,110.51,106.11,109.17,9274358,100330654288.31,9.27,21.06,2.44,108.81,110.71,111.27,109.51,107.38,110.19504667580647,109.79811178754457,0.39693488826189594,1.1735312517859005,-1.553192727048009,29.381874850545273,30.85228867755219,26.441047196531443
2024-07-03,SH000001,108.73,110.96,107.63,110.49,6148652,67394541267.34,6.15,23.15,1.53,108.71,110.41,111.46,109.7,107.42,110.24042411029778,109.84936276624497,0.39106134405281523,1.0170372702392834,-1.2519518523729363,39.53400821123502,33.746195188779794,51.10963425614547
2024-07-04,SH000001,110.61,111.82,110.43,111.69,7007819,77892205444.03,7.01,19.11,2.14,109.46,110.35,111.7,109.94,107.52,110.46343578563659,109.98570626504163,0.47772952059496276,0.9091757203104193,-0.862892399430913,51.69293269787635,39.72844102514531,75.62191604333843
2024-07-05,SH000001,111.99,113.65,111.32,112.88,3047543,34266211164.19,3.05,19.99,1.68,110.24,110.46,111.91,110.13,107.65,110.83521489553866,110.20009839355706,0.6351165019815994,0.8543638766446554,-0.438494749326112,64.41809548279471,47.958325844361774,97.33763475966059
2024-07-08,SH000001,113.21,113.67,111.29,112.14,3877176,43685185820.22,3.88,24.85,1.64,111.27,110.44,111.81,110.28,107.74,111.03595106545579,110.34379480884913,0.6921562566066655,0.8219223526370575,-0.25953219206078404,69.58581693603637,55.16748954158663,98.42247172493583
2024-07-09,SH000001,112.64,113.53,107.78,109.08,6428563,71266745842.91,6.43,20.01,1.99,111.26,110.04,111.68,110.42,107.76,110.73503551692413,110.25018037856401,0.4848551383601176,0.7545089097816695,-0.5393075428431038,59.64513779987726,56.66003896101684,65.61533547759811
2024-07-10,SH000001,109.07,110.61,108.52,110.17,3747098,41075681145.3,3.75,22.09,2.19,111.19,109.95,111.6,110.59,107.81,110.64810697585888,110.24424109126298,0.403865884595902,0.684380304744516,-0.5610288402972281,57.664659767819415,56.99491256328436,59.00415417688953
2024-07-11,SH000001,109.37,109.61,108.57,108.81,6055868,66064266050.89,6.06,21.26,2.43,110.62,110.04,111.3,110.73,107.8,110.3653212872652,110.13800101042868,0.22732027683652234,0.5929682991629174,-0.7312960446527901,50.34786841664152,54.779231181070074,41.485142887784406
2024-07-12,SH000001,108.18,108.25,108.17,108.24,9850941,106594334528.28,9.85,18.12,2.86,109.69,109.96,110.96,110.85,107.84,110.0383487815321,109.99740834298952,0.04094043854257734,0.4825627270388494,-0.8832445769925441,42.956780002628705,50.83841412158961,27.193511764706898
2024-07-15,SH000001,107.74,107.93,107.06,107.3,4486838,48242502822.77,4.49,16.63,2.51,108.72,110.0,110.55,110.81,107.85,109.61706435360408,109.79760031758289,-0.18053596397881222,0.3499429888353171,-1.0609579056282588,29.84814077835355,43.841656340510916,1.8611096540388132
2024-07-16,SH000001,108.2,114.18,106.63,112.03,8237361,90707405325.31,8.24,20.55,2.32,109.31,110.28,110.5,110.94,107.94,109.98828522228038,109.9629632570212,0.025321965259180956,0.2850187841200899,-0.5193936377218179,43.73982012155136,43.807710934191064,43.604038496271954
2024-07-17,SH000001,111.15,111.25,110.88,110.96,7824521,86891597997.9,7.82,17.05,2.76,109.47,110.33,110.37,111.08,108.02,110.137779803468,110.03681783057519,0.10096197289281861,0.24820742187463565,-0.2944908979636341,48.27687787352868,45.2974332473036,54.23576712597884
2024-07-18,SH000001,110.45,112.66,109.93,112.32,8827086,98319454109.37,8.83,16.3,1.67,110.17,110.39,110.37,111.27,108.17,110.47350598754986,110.20594243571776,0.26756355183209735,0.252078647866128,0.03096980793193871,57.30599805255108,49.3002881823861,73.31741779288106
2024-07-19,SH000001,112.64,113.05,111.78,112.05,6693228,75196257663.83,6.69,24.47,2.01,110.93,110.31,110.38,111.37,108.29,110.7160435279268,110.34253929233125,0.37350423559554713,0.27636376541201185,0.19428094036707055,62.13335852510025,53.577978296624146,79.24411898205246
2024-07-22,SH000001,112.7,113.0,112.66,112.96,3504109,39536269391.55,3.5,18.27,2.29,112.06,110.39,110.42,111.34,108.39,111.06126760055345,110.53642527067709,0.524842329876364,0.3260594783048823,0.39756570314296347,69.36925888428311,58.841738492510466,90.42429966782841
2024-07-23,SH000001,113.0,113.93,109.99,110.99,5713758,63990601623.67,5.71,19.02,2.89,111.86,110.58,110.31,111.31,108.5,111.05030335431445,110.57002339877508,0.4802799555393733,0.3569035737517805,0.2467527635751856,65.49562071314236,61.059699232721094,74.36746367398489
2024-07-24,SH000001,111.84,112.24,111.01,111.15,5844354,65160479269.62,5.84,20.45,2.38,111.89,110.68,110.32,111.3,108.61,111.06564129980454,110.61298462849544,0.45265667130910003,0.3760541932632444,0.15320495609171125,63.61959703171964,61.91299849905394,67.03279409705104
2024-07-25,SH000001,110.29,112.18,110.04,111.61,6722229,74583212103.64,6.72,15.24,2.65,111.75,110.96,110.5,111.19,108.73,111.1493887921423,110.68683761897726,0.46255117316503913,0.39335358924360336,0.13839516784287154,64.39981965470048,62.74193888426945,67.71558119556254
2024-07-26,SH000001,112.75,114.09,110.04,110.5,3959137,44194065382.09,3.96,16.11,1.88,111.44,111.19,110.58,111.04,108.82,111.0494828241204,110.67299779534932,0.3764850287710857,0.3899798771490999,-0.02698969675602836,60.01930581836543,61.834394528968105,56.38912839716008
2024-07-29,SH000001,110.63,112.23,105.13,106.63,8247284,89589550290.0,8.25,21.67,2.95,110.18,111.12,110.56,110.74,108.86,110.36956238964034,110.3735164771753,-0.003954087534964401,0.31119308421228703,-0.6302943434945029,45.59322768843409,56.4206722487901,23.93833856772207
2024-07-30,SH000001,106.88,108.42,106.5,107.96,6079188,65305187420.88,6.08,16.33,2.73,109.57,110.71,110.5,110.57,108.93,109.99886048354182,110.19473747886602,-0.19587699532419833,0.20977906830498996,-0.8113121272583765,40.92375893514652,51.25503447757556,20.261207850288443
2024-07-31,SH000001,108.52,108.55,108.52,108.54,6767002,73443783761.67,6.77,20.01,1.71,109.05,110.47,110.4,110.4,109.02,109.77442040915076,110.07216433228335,-0.297743923132586,0.10827447001747477,-0.8120367863001215,39.96851786152628,47.4928622722258,24.91982904012724
2024-08-01,SH000001,108.28,109.61,103.71,105.4,4451721,47562261065.69,4.45,17.16,1.57,107.81,109.78,110.09,110.18,109.05,109.10143265389681,109.72607808544755,-0.6246454315507464,-0.038309510296169455,-1.1726718425091538,32.072781978332905,42.35283550759483,11.512674919809058
2024-08-02,SH000001,105.39,106.7,104.95,106.19,9245818,97809674339.79,9.25,23.04,2.24,106.94,109.19,109.75,109.99,109.08,108.65351993791269,109.4641463754144,-0.8106264375017105,-0.19277289573727768,-1.2357070835288657,29.34588804978135,38.017186354990336,12.00329143936338
2024-08-05,SH000001,106.46,106.49,106.3,106.34,5634826,59954522879.72,5.63,21.39,2.66,106.89,108.53,109.46,109.79,109.07,108.29759379361843,109.2327281253837,-0.9351343317652692,-0.341245182942876,-1.1877782976447864,28.0096543324811,34.68134234748726,14.666278302468783
2024-08-06,SH000001,105.56,105.6,105.31,105.36,7062127,74476172946.91,7.06,18.67,2.58,106.37,107.97,109.28,109.53,109.09,107.84565628690791,108.94585937535528,-1.1002030884473726,-0.49303676404377533,-1.2143326488071944,23.971754140729225,31.111479611901245,9.69230319838519
2024-08-07,SH000001,105.15,106.75,104.76,106.18,9837805,103953173602.25,9.84,20.65,2.74,105.89,107.47,109.08,109.37,109.13,107.58940147353746,108.74098090310675,-1.1515794295692814,-0.6247452971488766,-1.0536682648408096,23.913089786818873,28.712016336873788,14.315236686709042
2024-08-08,SH000001,105.91,106.0,105.9,105.98,3693079,39127092541.78,3.69,18.46,1.99,106.01,106.91,108.93,109.3,109.19,107.3418012468394,108.5364637991729,-1.1946625523335115,-0.7387287481858036,-0.9118676082954158,24.82312402063358,27.41571889812705,19.637934265646642
2024-08-09,SH000001,106.88,107.89,106.51,107.57,6772484,72616908689.22,6.77,20.72,1.75,106.29,106.62,108.9,109.26,109.26,107.37690874732564,108.46487388812307,-1.0879651407974222,-0.8085760267081273,-0.5587782281785898,38.3566589516088,31.0626989159543,52.94457902291779
2024-08-12,SH000001,107.84,107.95,107.79,107.91,5105819,55077642605.57,5.11,24.48,2.72,106.6,106.74,108.93,109.29,109.34,107.45892278619861,108.42377211863247,-0.9648493324338574,-0.8398306878532734,-0.25003728916116796,49.29991952706122,37.14177245298994,73.6162136752038
2024-08-13,SH000001,108.41,108.92,107.05,107.61,7919981,85545166582.07,7.92,23.41,2.76,107.05,106.71,108.71,109.23,109.37,107.48216543447575,108.36349270243747,-0.8813272679617228,-0.8481300038749634,-0.06639452817351876,54.90051132312556,43.06135207636848,78.57882981663974
2024-08-14,SH000001,107.75,108.06,107.69,108.0,4677939,50464160867.41,4.68,17.26,1.52,107.41,106.65,108.56,109.15,109.43,107.56183229071024,108.33656731707173,-0.7747350263614834,-0.8334510083722675,0.11743196402156819,62.56187934362215,49.5615278321197,88.56258236662707
2024-08-15,SH000001,107.26,112.47,106.46,110.7,9034993,98460175466.62,9.03,17.32,2.68,108.36,107.18,108.48,109.12,109.53,108.04462732290867,108.51163640469605,-0.4670090817873813,-0.7601626230552903,0.5863070825358179,67.38885341455486,55.50396969293142,91.15862085780174
2024-08-16,SH000001,110.08,110.7,107.57,108.73,5329658,58309332362.05,5.33,22.61,2.41,108.59,107.44,108.32,108.98,109.55,108.15006927323041,108.52781148582967,-0.37774221259925866,-0.683678540964084,0.6118726567296506,62.08975873983727,57.6992327085667,70.87081080237843
2024-08-19,SH000001,109.26,109.39,108.61,108.86,7467112,81436392872.64,7.47,21.17,2.87,108.78,107.69,108.11,108.87,109.58,108.25928938504111,108.55241804243488,-0.2931286573937655,-0.6055685642500204,0.6248798137125098,59.11906959655384,58.172511671229074,61.012185447203365
2024-08-20,SH000001,109.24,113.13,107.89,111.78,7306282,80740739139.77,7.31,22.51,1.7,109.61,108.33,108.15,108.96,109.69,108.80093717195787,108.7914981874397,0.009438984518169491,-0.48256705449638243,0.9840120780291038,66.52198000766109,60.95566778337307,77.65460445623711
2024-08-21,SH000001,111.83,112.0,111.34,111.47,3998053,44637480701.71,4.0,23.05,2.97,110.31,108.86,108.17,109.0,109.8,109.21156222242588,108.98990572911083,0.22165649331505222,-0.34172234493409553,1.1267576764982956,69.38546793114438,63.7656011659635,80.62520146150612
2024-08-22,SH000001,112.92,113.06,112.59,112.66,9660531,108961892901.65,9.66,21.26,1.97,110.7,109.53,108.22,109.13,109.93,109.74209111128344,109.2617645639915,0.4803265472919378,-0.17731256648888888,1.3152782275616532,77.24148636688986,68.25756289960562,95.20933330145834
2024-08-23,SH000001,112.59,112.67,111.68,111.97,9490359,106555989040.84,9.49,22.26,2.37,111.35,109.97,108.29,109.26,110.05,110.08484632493214,109.46237459628843,0.6224717286437169,-0.01735570746236772,1.2796548722121692,79.03055612865123,71.84856064262081,93.39454710071206
2024-08-26,SH000001,111.23,114.22,110.31,113.53,9686996,108861539314.09,9.69,15.75,1.55,112.28,110.53,108.64,109.46,110.14,110.61486996725027,109.76368018174854,0.851189785501731,0.15635339113045202,1.389672788742558,83.05645322666096,75.58452483730085,98.00031000538121
2024-08-27,SH000001,113.08,114.51,112.73,114.0,4079073,46313747099.94,4.08,19.52,2.82,112.73,111.17,108.94,109.53,110.23,111.13565920305793,110.07748164976717,1.0581775532907614,0.3367182235625139,1.442918659456495,86.59250090887126,79.25385019449098,101.2698023376318
2024-08-28,SH000001,114.64,115.34,113.15,113.41,6254941,71322333819.17,6.25,21.11,1.95,113.11,111.71,109.18,109.61,110.35,111.48555778720286,110.32433486089552,1.161222926307346,0.5016191641114803,1.3192075243917312,82.78195899287255,80.42988646061816,87.48610405738131
2024-08-29,SH000001,113.95,114.13,112.93,113.34,4467053,50765007586.35,4.47,22.55,1.8,113.25,111.98,109.58,109.65,110.46,111.77085658917166,110.54771746379215,1.2231391253795039,0.645923156365085,1.1544319380288377,79.57276013395082,80.14417768506237,78.42992503172772
2024-08-30,SH000001,113.96,117.0,113.69,116.07,8606598,98987645278.18,8.61,19.97,2.14,114.07,112.71,110.07,109.78,110.58,112.43226326776063,110.95677542943717,1.4754878383234598,0.81183609275676,1.3273034911333994,82.97898608271434,81.08911381761303,86.75873061291696
2024-09-02,SH000001,116.71,117.65,116.44,117.36,5141286,60170264518.6,5.14,19.22,2.19,114.84,113.56,110.62,109.93,110.63,113.19037661118207,111.43108836058998,1.7592882505920926,1.0013265243238265,1.5159234525365322,87.33567282898483,83.17130015473695,95.6644181774806
2024-09-03,SH000001,117.36,117.82,114.98,115.7,9051082,105475252986.48,9.05,18.6,1.53,115.18,113.95,111.14,110.08,110.7,113.57647251715406,111.74730403758332,1.8291684795707397,1.166894915373209,1.3245471283950612,82.14743923175112,82.83001318040834,80.78229133443668
2024-09-04,SH000001,114.96,115.05,114.94,115.03,3336071,38364496470.61,3.34,22.58,1.75,115.5,114.31,111.58,110.21,110.76,113.80009212989958,111.99046670146603,1.8096254284335487,1.295441017985277,1.0283688208965431,75.71480413940978,80.45827683340882,66.2278587514117
2024-09-05,SH000001,116.06,116.2,115.02,115.42,3729730,43168955718.22,3.73,20.44,2.19,115.92,114.58,112.06,110.34,110.77,114.04930872529965,112.24450620506114,1.8048025202385105,1.3973133184359239,0.8149784036051733,73.15740604411609,78.02465323697791,63.42291165839242
2024-09-06,SH000001,116.0,118.41,115.34,117.46,7373708,86073224660.2,7.37,21.9,1.78,116.19,115.13,112.55,110.57,110.8,114.57403045986894,112.63083907876032,1.943191381108619,1.506488930970463,0.873404900276312,76.52981999185201,77.52637548860261,74.5367089983508
2024-09-09,SH000001,118.09,119.15,115.15,115.89,8737148,102217991710.5,8.74,18.59,2.87,115.9,115.37,112.95,110.88,110.81,114.77648731219679,112.87225840625955,1.904228905937245,1.5860369259638196,0.6363839599468508,66.88268814033431,73.97847970584651,52.691105009309894
2024-09-10,SH000001,116.13,116.96,115.82,116.57,6210072,72253549430.78,6.21,20.52,1.65,116.07,115.62,113.4,111.17,110.87,115.05241234108959,113.14616519098107,1.906247150108527,1.6500789707927612,0.5123363586315315,64.0954255340706,70.68412831525454,50.918019971702705
2024-09-11,SH000001,116.97,119.45,116.63,118.79,4250855,50108958779.89,4.25,17.98,3.0,116.83,116.16,113.94,111.51,110.96,115.62742582707581,113.56422702868618,2.063198798389635,1.732702936312136,0.6609917241549983,72.24417257826931,71.20414306959279,74.32423159562236
2024-09-12,SH000001,117.71,118.53,113.38,114.56,6216278,72192082598.15,6.22,17.31,1.9,116.65,116.29,114.13,111.81,110.99,115.46320646906415,113.63798798952423,1.8252184795399131,1.7512060449576916,0.14802486916444302,54.642737786940685,65.68367464204209,32.56086407673786
2024-09-13,SH000001,114.8,114.94,114.25,114.35,9103527,104302783775.99,9.1,24.79,2.88,116.03,116.11,114.41,112.09,111.04,115.29194393536197,113.69072961992984,1.6012143154321308,1.7212076990525795,-0.23998676724089751,41.75523540546181,57.70752822984866,9.850649756688114
2024-09-16,SH000001,114.63,114.99,114.54,114.89,3786582,43455465726.86,3.79,21.74,1.98,115.83,115.87,114.71,112.37,111.08,115.23010640684474,113.779564462898,1.450541943946746,1.6670745480314129,-0.4330652081693338,36.128970775524806,50.514675745074044,7.35756083642633
2024-09-17,SH000001,114.92,119.94,114.09,118.18,7569298,88218946929.96,7.57,20.9,1.82,116.15,116.11,115.03,112.8,111.16,115.68393619040708,114.10552265083147,1.5784135395756067,1.6493423463402517,-0.14185761352928994,48.476224419455605,49.83519196986789,45.75828931863103
2024-09-18,SH000001,117.59,117.61,117.54,117.55,4007388,47114379218.6,4.01,20.74,2.55,115.91,116.37,115.34,113.18,111.27,115.97102293034446,114.36066912114025,1.610353809204213,1.641544638913044,-0.06238165941766205,53.50650733654764,51.05896375876114,58.40159449212064
2024-09-19,SH000001,117.49,120.0,116.74,119.36,7733192,91578068424.47,7.73,23.5,1.89,116.87,116.76,115.67,113.62,111.46,116.49240401798377,114.7309899269817,1.7614140910020666,1.6655185293308485,0.1917911233424361,65.78178031902773,55.96656927885,85.41220239938318
2024-09-20,SH000001,119.51,122.46,118.91,121.57,9756262,117602688456.94,9.76,22.03,1.78,118.31,117.17,116.15,114.09,111.67,117.27357263060165,115.2375832657238,2.0359893648778495,1.7396126964402487,0.5927533368752016,73.92059950783934,61.951246021846444,97.85930647982514
2024-09-23,SH000001,121.16,123.21,120.89,122.52,3511624,42786132619.81,3.51,15.55,2.0,119.84,117.83,116.6,114.58,111.93,118.08071530281678,115.77702154233685,2.3036937604799306,1.8524289092481852,0.9025297024634908,80.27395680990578,68.0588162845329,104.70423786065157
2024-09-24,SH000001,122.49,122.58,121.72,122.07,9109390,111387637063.2,9.11,23.47,1.89,120.61,118.38,117.0,115.06,112.15,118.69445141007574,116.24316809475634,2.451283315319401,1.9721997904624284,0.958167049713945,82.98358734766862,73.0337399722448,102.88328209851625
2024-09-25,SH000001,121.99,122.08,121.4,121.54,3445944,41959918313.18,3.45,15.47,1.85,121.41,118.66,117.41,115.51,112.33,119.13222811621793,116.63552601366328,2.49670210255465,2.077100252880873,0.8392036993475545,82.55192372885514,76.20646789111491,95.24283540433561
2024-09-26,SH000001,122.16,124.57,121.71,123.52,6777589,83255272323.31,6.78,24.02,2.09,122.24,119.56,117.92,115.94,112.53,119.80726994449209,117.14548704968823,2.6617828948038635,2.194036781265471,0.9354922270767849,85.02825449608154,79.14706342610378,96.79063663603705
2024-09-27,SH000001,122.26,122.53,119.67,119.92,4013748,48601675727.9,4.01,24.39,2.29,121.91,120.11,118.11,116.31,112.65,119.82461302995485,117.3510065274891,2.473606502465742,2.2499507255055256,0.4473115539204331,75.22875999484317,77.84096228235023,70.00435541982904
2024-09-30,SH000001,120.66,120.85,119.81,120.14,9743618,117309746250.74,9.74,23.03,1.96,121.44,120.64,118.25,116.69,112.78,119.87313410226949,117.55759863656398,2.3155354657055085,2.2630676735455224,0.10493558431997219,64.62675102253064,73.4362251957437,47.00780267610452
2024-10-01,SH000001,119.38,119.45,118.8,118.98,3547047,42274465252.39,3.55,21.67,2.33,120.82,120.72,118.42,116.93,112.94,119.7357288557665,117.6629617005222,2.072767155244293,2.2250075698852765,-0.3044808292819674,52.62047343605069,66.49764127584604,24.866137756459977
2024-10-02,SH000001,118.7,118.96,118.67,118.91,5032016,59783071294.42,5.03,19.41,2.56,120.29,120.85,118.61,117.18,113.09,119.60869364718704,117.75533490789093,1.8533587392961124,2.1506778037674437,-0.5946381289426625,36.43624782742359,56.47717679303855,-3.6456101038063196
2024-10-03,SH000001,119.09,119.46,117.19,117.45,9995901,118222880103.83,10.0,17.16,2.01,119.08,120.66,118.71,117.34,113.23,119.27658693223519,117.73271750730642,1.543869424928772,2.0293161279997096,-0.970893406141875,25.465176961733185,46.13984351593676,-15.884156146673973
2024-10-04,SH000001,117.46,119.09,117.13,118.79,6219225,73465145928.38,6.22,24.82,2.86,118.85,120.38,118.78,117.56,113.41,119.201727404199,117.81103472898742,1.3906926752115822,1.9015914374420841,-1.0217975244610038,24.41406062681859,38.897915886230706,-4.553649892005637
2024-10-07,SH000001,118.81,120.78,118.37,120.05,8345350,99666719662.68,8.35,20.86,2.11,118.84,120.14,118.99,117.78,113.62,119.33223088047608,117.97688400832169,1.355346872154385,1.7923425243845443,-0.8739913044603185,29.358477693864735,35.71810315544205,16.63922677071011
2024-10-08,SH000001,120.49,121.07,118.84,119.26,3551673,42577002456.88,3.55,18.02,1.73,118.89,119.86,119.12,117.96,113.74,119.32111843732591,118.0719296373349,1.2491887999910034,1.6837117795058363,-0.8690459590296657,29.11532921526471,33.51717850871627,20.311630628361584
2024-10-09,SH000001,118.79,119.06,117.21,117.7,4427970,52358797387.9,4.43,16.27,1.57,118.65,119.47,119.07,118.1,113.85,119.07171560081423,118.04437929382861,1.0273363069856174,1.5524366850017925,-1.0502007560323503,22.9287379953617,29.98769833759808,8.810817310888943
2024-10-10,SH000001,118.76,119.74,115.7,116.78,5786829,68151930562.67,5.79,24.62,2.43,118.52,118.8,119.18,118.21,113.93,118.71914396991973,117.95072156835982,0.7684224015599028,1.3956338283134146,-1.2544228535070236,21.989735944766274,27.32171087332081,11.325786087657207
2024-10-11,SH000001,117.06,118.62,116.6,117.87,4321387,50762464379.49,4.32,20.23,1.62,118.33,118.59,119.35,118.27,114.03,118.58850643608592,117.94474219292576,0.6437642431601631,1.2452599112827645,-1.2029913362452027,28.129718438658614,27.59104672843341,29.207061859109018
2024-10-14,SH000001,117.93,120.61,117.05,119.95,4653228,55345992248.41,4.65,16.3,2.77,118.31,118.57,119.61,118.36,114.14,118.7979669843804,118.0932798082646,0.7046871761157973,1.1371453642493712,-0.8649163762671477,45.134275358857494,33.43878960524144,68.52524686608959
2024-10-15,SH000001,120.51,120.72,119.9,120.01,4316816,51913060895.45,4.32,19.54,2.73,118.46,118.68,119.7,118.5,114.29,118.98443360216802,118.23525908172648,0.7491745204415423,1.0595511954878054,-0.6207533500925262,56.84308611757483,41.24022177601923,88.048814800686
2024-10-16,SH000001,119.69,121.55,113.27,115.78,3111581,36633041903.45,3.11,18.34,2.2,118.08,118.36,119.61,118.53,114.37,118.49144381721909,118.05338803863563,0.4380557785834611,0.9352521121069366,-0.994392667046951,48.000060632328484,43.49350139478898,57.013179107407495
2024-10-17,SH000001,115.47,117.79,114.79,117.01,7355850,85504797064.08,7.36,22.95,1.86,118.12,118.32,119.49,118.58,114.46,118.26352938380077,117.97610003577374,0.28742934802703246,0.8056875592909558,-1.0365164225278467,47.056401130086975,44.681134639888306,51.806934110484306
2024-10-18,SH000001,117.28,117.69,117.14,117.6,9389334,110267757825.31,9.39,24.92,2.16,118.07,118.2,119.29,118.59,114.58,118.16144794013911,117.94824077386457,0.21320716627454317,0.6871914806876733,-0.9479686288262603,48.802496083504025,46.05492178776021,54.29764467499166
2024-10-21,SH000001,117.67,118.2,115.16,115.54,3258746,37998848548.8,3.26,18.71,2.1,117.19,117.75,118.94,118.57,114.73,117.75814825704079,117.76985256839312,-0.011704311352332297,0.5474123222796722,-1.118233267264009,41.67348370140208,44.59444242564083,35.831566252924574
2024-10-22,SH000001,115.25,118.31,114.75,117.69,3089233,35979446221.42,3.09,18.61,2.04,116.72,117.59,118.72,118.61,114.89,117.74766390980375,117.76393756332696,-0.016273653523214193,0.43467512711909495,-0.9018975612846183,45.57620330496049,44.92169605208071,46.88521781072005
2024-10-23,SH000001,118.09,118.56,117.93,118.44,7554443,89343561490.34,7.55,20.23,1.72,117.26,117.67,118.57,118.6,115.05,117.85417715444932,117.81401626233978,0.040160892109540214,0.35577228011718404,-0.6312227760152876,51.19734004549701,47.01357738321947,59.564865370052075
2024-10-24,SH000001,119.25,122.47,110.21,113.29,5926268,68904833501.46,5.93,23.71,1.54,116.51,117.32,118.06,118.56,115.19,117.1519960537648,117.4789039466109,-0.32690789284609423,0.2192362455245284,-1.0922882767412452,42.50567639792245,45.5109437214538,36.495141750859744
2024-10-25,SH000001,114.13,116.67,113.46,116.14,9190367,105810866251.36,9.19,17.45,2.04,116.22,117.15,117.87,118.62,115.35,116.99630435318561,117.37972587649158,-0.38342152330596946,0.09870469175842882,-0.9642524301287966,44.46001047517832,45.16063263936197,43.05876614681104
2024-10-28,SH000001,115.92,116.7,113.98,114.31,8635478,99405114162.79,8.64,19.77,2.49,115.97,116.58,117.58,118.6,115.48,116.58302676038782,117.15233877452924,-0.569312014141417,-0.03489864942154034,-1.0688267294397533,40.78736968057023,43.70287831976472,34.95635240218124
2024-10-29,SH000001,114.12,115.24,113.79,114.99,7418750,84983373387.12,7.42,23.22,2.38,115.43,116.08,117.38,118.49,115.64,116.33794572032816,116.99216553197152,-0.6542198116433582,-0.15876288186590393,-0.9909138595549085,40.1877733705161,42.53117667001518,35.50096677151794
2024-10-30,SH000001,115.39,115.51,115.34,115.47,8842445,102068682536.38,8.84,17.39,1.74,114.84,116.05,117.21,118.42,115.8,116.20441560950844,116.87941252960326,-0.6749969200948129,-0.26200968951168574,-0.8259744611662544,41.09309959339464,42.051817644474994,39.175663491233934
2024-10-31,SH000001,115.32,116.79,115.05,116.36,7610912,88165460103.25,7.61,23.28,2.73,115.45,115.98,117.15,118.32,115.97,116.22835166958407,116.84093752741042,-0.6125858578263461,-0.33212492317461784,-0.5609218693034566,44.116443774606765,42.74002635451892,46.86927861478247
2024-11-01,SH000001,116.16,116.55,114.28,114.6,8992707,103759699394.85,8.99,21.39,2.09,115.15,115.68,116.94,118.09,116.09,115.97783602810959,116.67494215500965,-0.6971061269000529,-0.4051211639197049,-0.5839699259606961,41.346797209172315,42.27561663940338,39.48915834871019
2024-11-04,SH000001,113.92,114.82,111.46,112.3,3966710,44867210636.33,3.97,17.92,2.85,114.74,115.36,116.55,117.75,116.16,115.41201510070812,116.35087236574967,-0.9388572650415483,-0.5118683841440735,-0.8539777617949496,33.24696757936121,39.26606695272265,21.208768832638327
2024-11-05,SH000001,112.86,112.94,112.61,112.69,7896091,89046659273.48,7.9,22.14,1.54,114.28,114.86,116.23,117.44,116.25,114.99324354675302,116.0796966349534,-1.086453088200372,-0.6267853249553332,-0.9193355264900775,28.90744005018861,35.81319131854464,15.095937513476557
2024-11-06,SH000001,112.53,123.91,108.5,118.76,3088960,35722994045.85,3.09,16.33,1.74,114.94,114.89,116.28,117.34,116.43,115.57274453956025,116.27823762495684,-0.705493085396597,-0.642526877043586,-0.12593241670602207,41.46500762160531,37.697130086231525,49.00076269235288
2024-11-07,SH000001,118.01,118.85,112.76,114.95,5093969,59333662711.13,5.09,16.08,2.91,114.66,115.06,116.19,117.06,116.5,115.47693768732022,116.17984965273781,-0.7029119654175986,-0.6546038947183885,-0.09661614139842012,41.59531764866701,38.996525940376685,46.79290106524766
2024-11-08,SH000001,114.83,115.71,114.53,115.43,7630964,87856190447.33,7.63,22.07,2.44,114.83,114.99,116.07,116.91,116.61,115.46971650465557,116.12430523401649,-0.654588729360924,-0.6546008616468957,2.426457194326659e-05,42.720477826777376,40.237843235843584,47.68574700864497
2024-11-11,SH000001,115.08,118.99,114.55,117.24,8422222,97829666515.23,8.42,24.48,1.64,115.81,115.28,115.93,116.81,116.75,115.74206781163163,116.20694929075601,-0.4648814791243865,-0.6166569851423939,0.30355101203601476,47.38579118800082,42.620492553229326,56.9163884575438
2024-11-12,SH000001,116.74,117.08,115.32,115.91,9424658,109630928625.91,9.42,18.95,1.99,116.46,115.37,115.72,116.71,116.82,115.76790353291906,116.18495304699631,-0.4170495140772488,-0.5767354909293648,0.3193719537042321,47.61908034640244,44.286688484287026,54.283864070633285
2024-11-13,SH000001,116.92,118.26,116.17,118.03,9804717,115181988468.11,9.8,20.14,2.52,116.31,115.63,115.84,116.68,116.93,116.11591837400844,116.32162319166325,-0.20570481765480508,-0.5025293562744529,0.5936490772392957,52.36037327008703,46.97791674622036,63.12528631782038
2024-11-14,SH000001,118.01,121.04,117.28,119.88,9171178,109083883514.54,9.17,20.75,1.92,117.3,115.98,115.98,116.76,117.05,116.69500785493022,116.58520665894746,0.10980119598276872,-0.38006324582300866,0.9797288836115547,59.52296569725464,51.159599729898446,76.24969763196702
2024-11-15,SH000001,121.19,121.36,120.67,120.85,3440038,41631319660.86,3.44,22.89,2.01,118.38,116.6,116.14,116.83,117.2,117.33423741571019,116.9011172768032,0.4331201389069861,-0.21742656887700973,1.3010934155679916,66.39623194439514,56.23847713473067,86.71174156372408
2024-11-18,SH000001,121.62,122.37,117.98,119.2,4760943,57327967647.84,4.76,24.28,1.74,118.77,117.29,116.33,116.8,117.29,117.62127781329325,117.0714048859289,0.5498729273643477,-0.06396666962873826,1.2276791939861718,67.40929847558422,59.96208424834852,82.30372693005563
2024-11-19,SH000001,119.64,122.07,119.19,121.35,5471890,65932960703.99,5.47,16.25,1.64,119.86,118.16,116.51,116.87,117.41,118.1949273804789,117.38833785734157,0.8065895231373332,0.11014456892447604,1.3928899084257145,74.73488438087851,64.88635095919184,94.43195122425186
2024-11-20,SH000001,122.11,123.29,119.16,120.09,6969274,84399659404.55,6.97,24.13,1.72,120.27,118.29,116.59,116.95,117.52,118.48647701425138,117.58846097901997,0.8980160352314073,0.26771886218586227,1.26059434609109,70.98002946548674,66.9175771279568,79.10493414054662
2024-11-21,SH000001,120.95,122.08,120.63,121.75,7600582,92232237701.59,7.6,21.46,1.93,120.65,118.97,117.02,117.12,117.66,118.98855747359733,117.8967231287222,1.0918343448751244,0.4325419587237147,1.3185847723028195,74.77997387706742,69.53837604432701,85.26316954254824
2024-11-22,SH000001,122.2,123.11,118.84,120.22,4614963,55938074990.2,4.61,21.69,1.87,120.52,119.45,117.22,117.19,117.73,119.17801016996697,118.06881771177981,1.1091924581871524,0.5678720586164023,1.0826407991415001,70.34683327479942,69.80786178781781,71.42477624876264
2024-11-25,SH000001,119.82,119.87,119.45,119.51,6564230,78549875998.29,6.56,22.1,1.94,120.58,119.68,117.48,117.18,117.77,119.22908552843359,118.17557195535169,1.0535135730819007,0.665000361509502,0.7770264231447974,62.53459296971647,67.3834388484507,52.83690121224802
2024-11-26,SH000001,119.02,119.03,118.98,119.0,5231494,62261572611.44,5.23,22.53,2.12,120.11,119.99,117.68,117.15,117.82,119.19384160098227,118.23664069939971,0.9572009015825529,0.7234404695241122,0.4675208641168813,51.22938477515206,61.99875415735115,29.690646010753895
2024-11-27,SH000001,119.29,119.97,119.06,119.71,4246924,50751537182.38,4.25,16.15,2.18,120.04,120.16,117.89,117.28,117.9,119.27325058544653,118.3457784253701,0.9274721600764337,0.7642468076345765,0.3264507048837144,45.01293573836245,56.33681468435492,22.36517784637752
2024-11-28,SH000001,119.57,120.38,119.31,120.05,6852925,82105547241.75,6.85,15.93,1.99,119.7,120.17,118.08,117.38,117.98,119.39275049537784,118.47201706052788,0.9207334348499643,0.7955441330776541,0.25037860354462027,43.00297410806079,51.89220115892354,25.224520006335297
2024-11-29,SH000001,119.49,120.4,116.23,116.69,7306896,86284490270.02,7.31,21.73,2.48,118.99,119.76,118.18,117.35,117.97,118.97694272685817,118.34001579678507,0.636926930073102,0.7638206924767438,-0.2537875248072836,30.840509650888464,44.87497065624518,2.771587640175028
2024-12-02,SH000001,116.34,118.46,115.72,117.53,5845889,68360554352.01,5.85,22.22,2.14,118.6,119.59,118.44,117.41,117.99,118.75433615349537,118.28001462665284,0.47432152684253026,0.7059208593499011,-0.4631986650147417,28.53039701076404,39.4267794410848,6.737632150122536
2024-12-03,SH000001,116.1,117.41,115.68,117.15,7766351,90575991400.3,7.77,24.5,1.52,118.23,119.17,118.66,117.4,118.0,118.50751520680377,118.19630983949337,0.31120536731040715,0.6269777609420024,-0.6315447872631905,25.615150272765977,34.822903051645184,7.199644715007565
2024-12-04,SH000001,117.27,120.56,115.79,119.81,6186088,73329436230.66,6.19,21.47,2.48,118.25,119.14,118.72,117.44,118.02,118.70789748268012,118.31584244397534,0.39205503870478253,0.5799932164945585,-0.3758763555795519,35.6052549597713,35.08368702102055,36.6483908372728
2024-12-05,SH000001,119.7,119.98,117.71,118.45,6006170,71518930035.94,6.01,19.18,2.55,117.93,118.81,118.89,117.61,118.09,118.66822094688318,118.32578004071792,0.34244090616526535,0.5324827544286999,-0.380083696526869,42.65760166716993,37.60832523640367,52.75615452870244
2024-12-06,SH000001,118.76,118.91,117.76,118.06,8920388,105627147875.9,8.92,20.15,2.83,118.2,118.6,119.02,117.68,118.15,118.57464849351653,118.30609263029437,0.2685558632221614,0.4796973761873922,-0.42228302593046163,44.695231712539496,39.97062739511561,54.144440347387246
2024-12-09,SH000001,117.71,118.26,117.51,118.17,6107837,72035611357.5,6.11,23.46,2.2,118.33,118.46,119.07,117.81,118.2,118.51239487912937,118.29601169471701,0.21638318441236493,0.42703453783238676,-0.4213027068400437,46.80501786300445,42.248757551078555,55.917538486856245
2024-12-10,SH000001,118.04,119.61,117.77,119.07,7286268,86381116364.77,7.29,18.94,1.55,118.71,118.47,119.23,117.94,118.22,118.59818028234024,118.35334416177501,0.24483612056522475,0.39059485437895436,-0.2915174676274592,54.35908294692092,46.285532683026005,70.50618347471075
2024-12-11,SH000001,117.52,118.93,117.19,118.46,8768430,103458987496.5,8.77,18.51,2.89,118.44,118.34,119.25,118.04,118.23,118.57692177736482,118.36124459423613,0.21567718312869033,0.35561132012890156,-0.27986827400042247,55.2284596695319,49.26650834519464,67.15236231820643
2024-12-12,SH000001,118.51,123.42,117.34,121.39,8482741,101750254301.74,8.48,17.32,2.02,119.03,118.48,119.33,118.21,118.27,119.00970304238561,118.58559684651493,0.424106195870678,0.3693102952772569,0.1095918011868422,61.409843052728405,53.31428658103923,77.60095599610676
2024-12-13,SH000001,122.3,123.84,121.77,123.15,4235976,51985923376.46,4.24,17.05,2.6,120.05,119.12,119.44,118.49,118.29,119.64667180509552,118.92370078381012,0.722971021285403,0.44004244047888613,0.5658571616130338,71.45460125083855,59.361058137639,95.64168747723765
2024-12-16,SH000001,123.1,128.03,121.22,126.05,8801158,109641568661.42,8.8,20.64,2.72,121.62,119.98,119.78,118.95,118.35,120.6317992196962,119.45157479982419,1.1802244198720189,0.5880788363575127,1.1842911670290124,75.57757730448058,64.7665645265862,97.19960286026935
2024-12-17,SH000001,126.87,127.19,126.06,126.3,7341137,92927129515.19,7.34,19.88,1.82,123.07,120.89,120.03,119.41,118.42,121.50383010897372,119.95886555539276,1.5449645535809537,0.7794559798022009,1.5310171475575056,78.39858167162173,69.31057024159803,96.57460453166911
2024-12-18,SH000001,126.43,129.36,125.26,128.33,5445208,69360964268.78,5.45,22.85,1.98,125.04,121.74,120.44,119.73,118.53,122.55401009220853,120.57894958832664,1.9750605038818918,1.0185768846181391,1.9129672385275054,82.77790955593736,73.7996833463778,100.73436197505646
2024-12-19,SH000001,127.16,131.65,126.68,130.49,6245176,80455136264.42,6.25,15.4,1.65,126.86,122.95,120.88,120.24,118.65,123.77493161648414,121.3131014706728,2.4618301458113336,1.307227536856778,2.309205217909111,85.84456303268115,77.81464324181225,101.90440261441896
2024-12-20,SH000001,131.08,133.4,130.52,132.64,4056976,53495451682.77,4.06,21.3,2.12,128.76,124.4,121.5,120.82,118.86,125.13878829087119,122.1521309913637,2.9866572995074847,1.6431134893869195,2.6870876202411305,89.0002207180654,81.54316906722997,103.91432401973628
2024-12-23,SH000001,132.76,136.43,132.33,135.32,7563685,101386060336.71,7.56,20.96,2.5,130.62,126.12,122.29,121.42,119.12,126.70512855381408,123.12752869570713,3.57759985810695,2.030010763130926,3.0951781899520485,90.74373688896665,84.61002500780886,103.01116065128227
2024-12-24,SH000001,135.16,135.27,135.13,135.22,3541216,47872065580.07,3.54,23.15,2.13,132.4,127.74,123.1,122.06,119.39,128.01510877630423,124.02326731083993,3.9918414654643044,2.422376903597602,3.138929123733405,91.7163589038021,86.97880297313993,101.19147076512647
2024-12-25,SH000001,134.37,136.11,134.04,135.64,3086469,41668730092.58,3.09,18.46,2.41,133.86,129.45,123.9,122.65,119.67,129.1881689645651,124.88376602855548,4.304402936009623,2.7987821100800065,3.0112416518592333,92.7462554866022,88.90128714429402,100.43619217121855
2024-12-26,SH000001,134.72,136.21,134.32,135.85,7636838,103314474864.92,7.64,19.89,2.72,134.93,130.9,124.69,123.18,119.97,130.2130660469397,125.6960796560699,4.516986390869803,3.142422966237966,2.749126849263675,93.89307674561555,90.56521701140119,100.54879621404427
2024-12-27,SH000001,135.61,135.95,135.49,135.91,6578738,89313878154.86,6.58,19.25,2.24,135.59,132.18,125.65,123.69,120.26,131.0895174243336,126.45266634821287,4.6368510761207204,3.441308588214517,2.391084975812407,94.37694224103402,91.83579208794546,99.45924254721109
2024-12-30,SH000001,136.44,136.66,134.83,135.28,6296780,85547512437.06,6.3,19.4,1.75,135.58,133.1,126.54,124.22,120.51,131.7342070513592,127.10654291501191,4.627664136347278,3.6785796978410694,1.8981688770124165,92.21620710805777,91.96259709464957,92.72342713487416
2024-12-31,SH000001,135.01,135.21,134.97,135.12,9422153,127258762129.68,9.42,19.59,1.64,135.56,133.98,127.44,124.68,120.78,132.255098274227,127.70013232871473,4.554965945512279,3.8538569473753115,1.4022179962739356,89.6671841642229,91.19745945117401,86.60663359032066
2025-01-01,SH000001,135.67,138.45,135.25,138.15,9827726,134550093770.57,9.83,22.26,2.08,136.06,134.96,128.35,125.28,121.12,133.16200623203824,128.4741966006618,4.687809631376439,4.020647484175537,1.334324294401803,91.85042206156271,91.41511365463691,92.72103887541431
2025-01-02,SH000001,138.44,144.93,136.71,143.55,4557369,64258223786.27,4.56,15.54,2.5,137.6,136.27,129.61,126.01,121.56,134.76015911941698,129.59092277839056,5.169236341026419,4.250365255545714,1.8377421709614108,90.91615439024815,91.24879389984065,90.25087537106316
2025-01-03,SH000001,143.02,143.41,138.87,140.3,9954672,141015221115.0,9.95,22.7,2.84,138.48,137.03,130.72,126.68,121.94,135.61244233181438,130.38418775776904,5.228254574045337,4.445943119245639,1.5646229095993966,79.77207966389977,87.42322248786036,64.46979401597861
2025-01-06,SH000001,139.34,145.01,138.32,142.55,8121078,114462515077.2,8.12,20.11,2.94,139.93,137.76,131.94,127.45,122.31,136.67975889615062,131.28535903497135,5.3943998611792665,4.635634467632364,1.5175307870938042,79.03978814421035,84.62874437331035,67.86187568601034
2025-01-07,SH000001,142.9,143.62,142.71,143.36,7449328,106621045710.03,7.45,20.19,2.75,141.58,138.57,133.15,128.26,122.7,137.70748829674284,132.17977688423272,5.527711412510115,4.814049856607915,1.4273231118043999,80.8815301067421,83.37967295112094,75.88524441798444
2025-01-08,SH000001,142.31,142.32,142.27,142.28,5603987,79742716551.51,5.6,17.88,1.88,142.41,139.24,134.34,129.01,123.14,138.4109516357055,132.92794155947473,5.483010076230755,4.947841900532484,1.0703363513965432,78.31525713730417,81.69153434651534,71.56270271888184
2025-01-09,SH000001,142.42,142.76,139.13,139.68,9192088,129656616343.18,9.19,24.75,1.93,141.63,139.62,135.26,129.66,123.52,138.60618984559696,133.42809403655068,5.178095809046283,4.993892682235244,0.36840625362207824,68.09098347464025,77.15801738922364,49.95691564547346
2025-01-10,SH000001,140.17,141.28,135.35,136.91,3788242,52480958823.17,3.79,18.34,2.48,140.96,139.72,135.95,130.34,123.84,138.34523756165896,133.68601299680617,4.659224564852792,4.926959058758754,-0.5354689878119245,51.83489203754237,68.71697560532988,18.07072490196734
2025-01-13,SH000001,136.39,136.41,136.34,136.36,6125370,83536597795.33,6.13,17.0,1.95,139.72,139.83,136.46,130.97,124.19,138.03981639832682,133.88408610815387,4.155730290172954,4.772713305041594,-1.2339660297372799,38.34757829825234,58.59384316963736,-2.1449514445177016
2025-01-14,SH000001,136.61,136.86,136.54,136.82,7136678,97570907154.32,7.14,18.29,2.44,138.41,140.0,136.99,131.62,124.51,137.85215233704577,134.10156121125357,3.750591125792198,4.568288869191715,-1.635395486799034,30.63751596695083,49.275067435408516,-6.637586969964545
2025-01-15,SH000001,137.29,137.34,136.98,137.08,5547219,76100851383.94,5.55,20.05,2.38,137.37,139.89,137.43,132.2,124.82,137.73335966980795,134.32218630671628,3.4111733630916774,4.336865767971708,-1.8513848097600611,26.394644875137747,41.648259915318256,-4.112585205223269
2025-01-16,SH000001,136.64,137.0,136.58,136.86,5438825,74375707005.05,5.44,19.31,2.33,136.81,139.22,137.74,132.81,125.21,137.59899664368365,134.51017250621877,3.088824137464883,4.087257441870343,-1.9968666088109206,22.806919909857253,35.367813246831254,-2.314866764090752
2025-01-17,SH000001,135.09,135.32,135.02,135.22,5931002,80160405929.74,5.93,16.49,1.69,136.47,138.71,137.87,133.38,125.53,137.23299716004001,134.56275232057294,2.670244839467074,3.8038549213896897,-2.2672201638452316,15.979807071687738,28.905144521783413,-9.870867828503613
2025-01-20,SH000001,134.64,135.1,134.47,134.99,8943175,120567918878.51,8.94,23.62,1.9,136.19,137.96,137.86,133.94,125.88,136.88792067388002,134.5944002968268,2.293520377053227,3.5017880125223972,-2.4165352709383408,12.744077251651941,23.518122098406252,-8.804012441856685
2025-01-21,SH000001,134.77,138.28,133.59,137.83,5254123,71615388131.03,5.25,20.59,2.74,136.4,137.4,137.99,134.57,126.26,137.03285595482154,134.8340743489137,2.1987816059078398,3.2411867311994857,-2.084810250583292,23.90862874573966,23.64829098085072,24.42930427551753
2025-01-22,SH000001,136.76,140.78,135.38,140.06,7130435,98692496100.81,7.13,20.4,2.19,136.99,137.18,138.21,135.29,126.67,137.49857042331053,135.22117995269787,2.2773904706126586,3.0484274790821204,-1.5420740169389235,43.98416602121699,30.426915994306142,71.0986660750387
2025-01-23,SH000001,140.51,142.76,134.91,137.53,5655189,78619788389.29,5.66,21.74,2.53,137.13,136.97,138.29,135.83,127.02,137.50340574280122,135.39220365990542,2.111202082895801,2.8609823998448567,-1.4995606338981116,43.6448420512221,34.83289134661146,61.268743460443375
2025-01-24,SH000001,137.52,137.84,135.03,135.63,4691306,64071347612.65,4.69,18.69,2.82,137.21,136.84,138.28,136.24,127.37,137.21518947467794,135.40981820361614,1.8053712710618015,2.649860174088246,-1.6889778060528888,36.51204664556208,35.392609779595,38.75092037749624
2025-01-27,SH000001,137.24,137.63,136.07,136.32,4813829,65844339258.51,4.81,24.31,2.44,137.47,136.83,138.33,136.59,127.77,137.0774680170352,135.47723907742235,1.6002289396128333,2.4399339271931635,-1.6794099751606604,34.2650285525121,35.01674937056737,32.76158691640157
2025-01-28,SH000001,136.2,136.7,133.85,134.94,6006682,81432272727.26,6.01,19.04,2.92,136.9,136.65,138.32,136.87,128.14,136.74862678364516,135.43744359020587,1.311183193439291,2.214183780442389,-1.8060011740061963,27.750658802365376,32.5947191811667,18.062538044762718
2025-01-29,SH000001,134.86,134.95,134.82,134.93,9070543,122355014397.26,9.07,20.76,2.79,135.87,136.43,138.16,137.09,128.41,136.46883804769976,135.39985517611655,1.0689828715832164,1.9851435986705548,-1.8323214541746768,23.37139521757112,29.52027785996817,11.073629932777017
2025-01-30,SH000001,134.25,141.4,132.47,138.62,4226921,57670873589.14,4.23,18.28,1.61,136.09,136.61,137.91,137.36,128.8,136.79978604036134,135.63838442233015,1.1614016180311921,1.8203952025426824,-1.3179871690229805,35.50318476117961,31.514580160371985,43.480393962794864
2025-01-31,SH000001,138.17,138.21,137.93,137.98,6797942,93861591227.61,6.8,23.37,2.84,136.56,136.88,137.8,137.54,129.18,136.9813574187673,135.81183742808346,1.169519990683824,1.6902201601709108,-1.0414003389741735,41.517834220443014,34.84899818039566,54.855506300537726
2025-02-03,SH000001,138.03,138.13,137.62,137.7,9121101,125749879804.04,9.12,20.26,2.46,136.83,137.15,137.56,137.62,129.52,137.09191781588,135.9517013222995,1.1402164935805104,1.580219426852831,-0.8800058665446411,44.62057104816056,38.1061891363173,57.64933487184709
2025-02-04,SH000001,137.3,137.53,136.12,136.48,4882611,66838277909.43,4.88,18.85,2.36,137.14,137.02,137.21,137.66,129.86,136.99777661343694,135.9908345576847,1.0069420557522335,1.4655639526327116,-0.9172437937609561,42.737005253357424,39.649794508664,48.911426742744254
2025-02-05,SH000001,137.12,141.99,135.11,140.7,5272561,73242050707.99,5.27,15.62,1.88,138.3,137.08,137.13,137.83,130.24,137.56734944213895,136.33966162748584,1.227687814653109,1.417988725036791,-0.38060182076736426,57.307863446215805,45.535817487847936,80.85195536295154
2025-02-06,SH000001,141.25,141.51,140.16,140.39,3832685,53972280149.85,3.83,20.12,2.87,138.65,137.37,137.17,137.98,130.58,138.00160337411756,136.63968669211653,1.3619166820010378,1.4067743164296405,-0.08971526885720538,65.93633473445192,52.3359899033826,93.13702439659056
2025-02-07,SH000001,140.75,141.43,140.68,141.34,9822487,138545498353.66,9.82,23.0,1.78,139.32,137.94,137.39,138.17,130.93,138.51520285502255,136.98785804825604,1.5273448067665072,1.430888414497014,0.19291278453898641,75.01497945882227,59.89565308852915,105.2536321994085
2025-02-10,SH000001,142.64,143.68,142.39,143.33,8037253,114920662080.42,8.04,20.11,2.19,140.45,138.64,137.74,138.43,131.33,139.25594087732676,137.45764634097782,1.7982945363489478,1.5043696388674008,0.5878497949630939,82.30258220240249,67.36462945982026,112.17848768756693
2025-02-11,SH000001,143.17,144.01,138.56,139.25,6058124,85545943113.68,6.06,24.83,2.15,141.0,139.07,137.86,138.57,131.63,139.25502689619958,137.59041327868317,1.6646136175164088,1.5364184345972025,0.25639036583841257,74.4524435942071,69.72723417128253,83.90286244005623
2025-02-12,SH000001,138.71,139.61,134.75,136.29,10619110,146011649256.2,10.62,16.04,1.72,140.12,139.21,137.82,138.51,131.9,138.79886891216887,137.4940863691511,1.3047825430177795,1.490091256281318,-0.37061742652707697,55.178518911616806,64.87766241806062,35.78023189872917
2025-02-13,SH000001,136.89,137.51,134.53,135.25,12472392,169713400708.23,12.47,22.35,2.21,139.09,138.87,137.74,138.23,132.12,138.2528890795275,137.32785774921396,0.9250313303135442,1.3770792710877633,-0.9040958815484381,39.317324844031454,56.35754989338423,5.236874745325906
2025-02-14,SH000001,135.3,136.77,131.11,131.64,14574648,194527564078.65,14.57,21.09,2.71,137.15,138.24,137.56,137.94,132.31,137.23552152883096,136.9065349529759,0.32898657585505475,1.1674607320412216,-1.6769483123723337,27.581058939948548,46.765386242239,-10.787595664632363
2025-02-17,SH000001,132.83,133.06,131.36,131.82,9029908,119487320868.64,9.03,24.2,2.79,134.85,137.65,137.4,137.59,132.52,136.40236437054926,136.52975458608879,-0.12739021553952057,0.9084905425250732,-2.071761516129188,20.221997949629728,37.91759014470258,-15.169186440515972
2025-02-18,SH000001,131.23,132.97,127.13,128.3,6571451,85274140507.8,6.57,22.89,2.04,132.66,136.83,136.93,137.08,132.67,135.15584677508016,135.9201431352674,-0.7642963601872452,0.5739331619826096,-2.6764590443397096,15.791758506704209,30.542312932036452,-13.709350343960281
2025-02-19,SH000001,128.26,128.27,128.23,128.24,4864856,62392690053.4,4.86,22.02,1.62,131.05,135.58,136.33,136.62,132.81,134.09187034814477,135.3512436437661,-1.2593732956213444,0.2072718704618188,-2.9332903321663264,12.719782132431586,24.60146933216816,-11.043592267041568
2025-02-20,SH000001,127.4,128.81,127.18,128.42,5243853,67072381093.77,5.24,18.5,2.39,129.68,134.39,135.88,136.24,132.95,133.21927490996865,134.83781818867232,-1.6185432787036689,-0.15789115937127876,-2.92130423866478,11.027248119883286,20.0767289280732,-7.0717134964965425
2025-02-21,SH000001,128.92,128.97,128.46,128.56,3641209,46876328419.58,3.64,22.5,2.04,129.07,133.11,135.52,135.96,133.15,132.50246338535808,134.37279461914105,-1.870331233782963,-0.5003791742536157,-2.7399041190586946,10.175353406936424,16.776270421027608,-3.0264806212459447
2025-02-24,SH000001,127.38,128.48,124.06,124.52,5926466,74642177117.6,5.93,20.17,2.16,127.61,131.23,134.94,135.57,133.27,131.274392095303,133.64295798068616,-2.3685658853831626,-0.874016516479525,-2.989098737807275,7.769635390261996,13.774058744105737,-4.239211317425486
2025-02-25,SH000001,123.87,123.91,123.49,123.59,5070907,62741170966.26,5.07,15.2,2.26,126.67,129.66,134.37,135.13,133.37,130.09217792679485,132.89829442656125,-2.8061164997664036,-1.2604365131369009,-3.0913599732590056,5.417512514097651,10.988543334103042,-5.724549125913132
